Timestamp,IP Address,User Agent,hpot ID,hpot Password
2024-07-23 15:59:17,127.0.0.1,python-requests/2.32.3,,aaaa
2024-07-23 15:59:17,127.0.0.1,python-requests/2.32.3,,aaab
2024-07-23 15:59:17,127.0.0.1,python-requests/2.32.3,,aaac
2024-07-23 15:59:17,127.0.0.1,python-requests/2.32.3,,aaad
2024-07-23 15:59:17,127.0.0.1,python-requests/2.32.3,,aaae
2024-07-23 15:59:17,127.0.0.1,python-requests/2.32.3,,aaaf
2024-07-23 15:59:17,127.0.0.1,python-requests/2.32.3,,aaag
2024-07-23 15:59:17,127.0.0.1,python-requests/2.32.3,,aaah
2024-07-23 15:59:17,127.0.0.1,python-requests/2.32.3,,aaai
2024-07-23 15:59:17,127.0.0.1,python-requests/2.32.3,,aaaj
2024-07-23 15:59:17,127.0.0.1,python-requests/2.32.3,,aaak
2024-07-23 15:59:17,127.0.0.1,python-requests/2.32.3,,aaal
2024-07-23 15:59:17,127.0.0.1,python-requests/2.32.3,,aaam
2024-07-23 15:59:17,127.0.0.1,python-requests/2.32.3,,aaan
2024-07-23 15:59:17,127.0.0.1,python-requests/2.32.3,,aaao
2024-07-23 15:59:17,127.0.0.1,python-requests/2.32.3,,aaap
2024-07-23 15:59:17,127.0.0.1,python-requests/2.32.3,,aaaq
2024-07-23 15:59:17,127.0.0.1,python-requests/2.32.3,,aaar
2024-07-23 15:59:17,127.0.0.1,python-requests/2.32.3,,aaas
2024-07-23 15:59:17,127.0.0.1,python-requests/2.32.3,,aaat
2024-07-23 15:59:17,127.0.0.1,python-requests/2.32.3,,aaau
2024-07-23 15:59:17,127.0.0.1,python-requests/2.32.3,,aaav
2024-07-23 15:59:17,127.0.0.1,python-requests/2.32.3,,aaaw
2024-07-23 15:59:17,127.0.0.1,python-requests/2.32.3,,aaax
2024-07-23 15:59:17,127.0.0.1,python-requests/2.32.3,,aaay
2024-07-23 15:59:17,127.0.0.1,python-requests/2.32.3,,aaaz
2024-07-23 15:59:17,127.0.0.1,python-requests/2.32.3,,aaba
2024-07-23 15:59:17,127.0.0.1,python-requests/2.32.3,,aabb
2024-07-23 15:59:17,127.0.0.1,python-requests/2.32.3,,aabc
2024-07-23 15:59:17,127.0.0.1,python-requests/2.32.3,,aabd
2024-07-23 15:59:17,127.0.0.1,python-requests/2.32.3,,aabe
2024-07-23 15:59:17,127.0.0.1,python-requests/2.32.3,,aabf
2024-07-23 15:59:17,127.0.0.1,python-requests/2.32.3,,aabg
2024-07-23 15:59:17,127.0.0.1,python-requests/2.32.3,,aabh
2024-07-23 15:59:17,127.0.0.1,python-requests/2.32.3,,aabi
2024-07-23 15:59:17,127.0.0.1,python-requests/2.32.3,,aabj
2024-07-23 15:59:17,127.0.0.1,python-requests/2.32.3,,aabk
2024-07-23 15:59:17,127.0.0.1,python-requests/2.32.3,,aabl
2024-07-23 15:59:17,127.0.0.1,python-requests/2.32.3,,aabm
2024-07-23 15:59:17,127.0.0.1,python-requests/2.32.3,,aabn
2024-07-23 15:59:17,127.0.0.1,python-requests/2.32.3,,aabo
2024-07-23 15:59:17,127.0.0.1,python-requests/2.32.3,,aabp
2024-07-23 15:59:17,127.0.0.1,python-requests/2.32.3,,aabq
2024-07-23 15:59:17,127.0.0.1,python-requests/2.32.3,,aabr
2024-07-23 15:59:17,127.0.0.1,python-requests/2.32.3,,aabs
2024-07-23 15:59:17,127.0.0.1,python-requests/2.32.3,,aabt
2024-07-23 15:59:17,127.0.0.1,python-requests/2.32.3,,aabu
2024-07-23 15:59:17,127.0.0.1,python-requests/2.32.3,,aabv
2024-07-23 15:59:17,127.0.0.1,python-requests/2.32.3,,aabw
2024-07-23 15:59:17,127.0.0.1,python-requests/2.32.3,,aabx
2024-07-23 15:59:17,127.0.0.1,python-requests/2.32.3,,aaby
2024-07-23 15:59:17,127.0.0.1,python-requests/2.32.3,,aabz
2024-07-23 15:59:17,127.0.0.1,python-requests/2.32.3,,aaca
2024-07-23 15:59:17,127.0.0.1,python-requests/2.32.3,,aacb
2024-07-23 15:59:17,127.0.0.1,python-requests/2.32.3,,aacc
2024-07-23 15:59:17,127.0.0.1,python-requests/2.32.3,,aacd
2024-07-23 15:59:17,127.0.0.1,python-requests/2.32.3,,aace
2024-07-23 15:59:17,127.0.0.1,python-requests/2.32.3,,aacf
2024-07-23 15:59:17,127.0.0.1,python-requests/2.32.3,,aacg
2024-07-23 15:59:17,127.0.0.1,python-requests/2.32.3,,aach
2024-07-23 15:59:17,127.0.0.1,python-requests/2.32.3,,aaci
2024-07-23 15:59:17,127.0.0.1,python-requests/2.32.3,,aacj
2024-07-23 15:59:17,127.0.0.1,python-requests/2.32.3,,aack
2024-07-23 15:59:17,127.0.0.1,python-requests/2.32.3,,aacl
2024-07-23 15:59:17,127.0.0.1,python-requests/2.32.3,,aacm
2024-07-23 15:59:17,127.0.0.1,python-requests/2.32.3,,aacn
2024-07-23 15:59:17,127.0.0.1,python-requests/2.32.3,,aaco
2024-07-23 15:59:17,127.0.0.1,python-requests/2.32.3,,aacp
2024-07-23 15:59:17,127.0.0.1,python-requests/2.32.3,,aacq
2024-07-23 15:59:17,127.0.0.1,python-requests/2.32.3,,aacr
2024-07-23 15:59:17,127.0.0.1,python-requests/2.32.3,,aacs
2024-07-23 15:59:17,127.0.0.1,python-requests/2.32.3,,aact
2024-07-23 15:59:17,127.0.0.1,python-requests/2.32.3,,aacu
2024-07-23 15:59:17,127.0.0.1,python-requests/2.32.3,,aacv
2024-07-23 15:59:17,127.0.0.1,python-requests/2.32.3,,aacw
2024-07-23 15:59:17,127.0.0.1,python-requests/2.32.3,,aacx
2024-07-23 15:59:17,127.0.0.1,python-requests/2.32.3,,aacy
2024-07-23 15:59:17,127.0.0.1,python-requests/2.32.3,,aacz
2024-07-23 15:59:17,127.0.0.1,python-requests/2.32.3,,aada
2024-07-23 15:59:17,127.0.0.1,python-requests/2.32.3,,aadb
2024-07-23 15:59:17,127.0.0.1,python-requests/2.32.3,,aadc
2024-07-23 15:59:17,127.0.0.1,python-requests/2.32.3,,aadd
2024-07-23 15:59:17,127.0.0.1,python-requests/2.32.3,,aade
2024-07-23 15:59:17,127.0.0.1,python-requests/2.32.3,,aadf
2024-07-23 15:59:17,127.0.0.1,python-requests/2.32.3,,aadg
2024-07-23 15:59:17,127.0.0.1,python-requests/2.32.3,,aadh
2024-07-23 15:59:17,127.0.0.1,python-requests/2.32.3,,aadi
2024-07-23 15:59:17,127.0.0.1,python-requests/2.32.3,,aadj
2024-07-23 15:59:17,127.0.0.1,python-requests/2.32.3,,aadk
2024-07-23 15:59:17,127.0.0.1,python-requests/2.32.3,,aadl
2024-07-23 15:59:17,127.0.0.1,python-requests/2.32.3,,aadm
2024-07-23 15:59:17,127.0.0.1,python-requests/2.32.3,,aadn
2024-07-23 15:59:17,127.0.0.1,python-requests/2.32.3,,aado
2024-07-23 15:59:17,127.0.0.1,python-requests/2.32.3,,aadp
2024-07-23 15:59:17,127.0.0.1,python-requests/2.32.3,,aadq
2024-07-23 15:59:17,127.0.0.1,python-requests/2.32.3,,aadr
2024-07-23 15:59:17,127.0.0.1,python-requests/2.32.3,,aads
2024-07-23 15:59:17,127.0.0.1,python-requests/2.32.3,,aadt
2024-07-23 15:59:17,127.0.0.1,python-requests/2.32.3,,aadu
2024-07-23 15:59:17,127.0.0.1,python-requests/2.32.3,,aadv
2024-07-23 15:59:17,127.0.0.1,python-requests/2.32.3,,aadw
2024-07-23 15:59:17,127.0.0.1,python-requests/2.32.3,,aadx
2024-07-23 15:59:17,127.0.0.1,python-requests/2.32.3,,aady
2024-07-23 15:59:17,127.0.0.1,python-requests/2.32.3,,aadz
2024-07-23 15:59:17,127.0.0.1,python-requests/2.32.3,,aaea
2024-07-23 15:59:17,127.0.0.1,python-requests/2.32.3,,aaeb
2024-07-23 15:59:17,127.0.0.1,python-requests/2.32.3,,aaec
2024-07-23 15:59:17,127.0.0.1,python-requests/2.32.3,,aaed
2024-07-23 15:59:17,127.0.0.1,python-requests/2.32.3,,aaee
2024-07-23 15:59:17,127.0.0.1,python-requests/2.32.3,,aaef
2024-07-23 15:59:17,127.0.0.1,python-requests/2.32.3,,aaeg
2024-07-23 15:59:17,127.0.0.1,python-requests/2.32.3,,aaeh
2024-07-23 15:59:17,127.0.0.1,python-requests/2.32.3,,aaei
2024-07-23 15:59:17,127.0.0.1,python-requests/2.32.3,,aaej
2024-07-23 15:59:17,127.0.0.1,python-requests/2.32.3,,aaek
2024-07-23 15:59:17,127.0.0.1,python-requests/2.32.3,,aael
2024-07-23 15:59:18,127.0.0.1,python-requests/2.32.3,,aaem
2024-07-23 15:59:18,127.0.0.1,python-requests/2.32.3,,aaen
2024-07-23 15:59:18,127.0.0.1,python-requests/2.32.3,,aaeo
2024-07-23 15:59:18,127.0.0.1,python-requests/2.32.3,,aaep
2024-07-23 15:59:18,127.0.0.1,python-requests/2.32.3,,aaeq
2024-07-23 15:59:18,127.0.0.1,python-requests/2.32.3,,aaer
2024-07-23 15:59:18,127.0.0.1,python-requests/2.32.3,,aaes
2024-07-23 15:59:18,127.0.0.1,python-requests/2.32.3,,aaet
2024-07-23 15:59:18,127.0.0.1,python-requests/2.32.3,,aaeu
2024-07-23 15:59:18,127.0.0.1,python-requests/2.32.3,,aaev
2024-07-23 15:59:18,127.0.0.1,python-requests/2.32.3,,aaew
2024-07-23 15:59:18,127.0.0.1,python-requests/2.32.3,,aaex
2024-07-23 15:59:18,127.0.0.1,python-requests/2.32.3,,aaey
2024-07-23 15:59:18,127.0.0.1,python-requests/2.32.3,,aaez
2024-07-23 15:59:18,127.0.0.1,python-requests/2.32.3,,aafa
2024-07-23 15:59:18,127.0.0.1,python-requests/2.32.3,,aafb
2024-07-23 15:59:18,127.0.0.1,python-requests/2.32.3,,aafc
2024-07-23 15:59:18,127.0.0.1,python-requests/2.32.3,,aafd
2024-07-23 15:59:18,127.0.0.1,python-requests/2.32.3,,aafe
2024-07-23 15:59:18,127.0.0.1,python-requests/2.32.3,,aaff
2024-07-23 15:59:18,127.0.0.1,python-requests/2.32.3,,aafg
2024-07-23 15:59:18,127.0.0.1,python-requests/2.32.3,,aafh
2024-07-23 15:59:18,127.0.0.1,python-requests/2.32.3,,aafi
2024-07-23 15:59:18,127.0.0.1,python-requests/2.32.3,,aafj
2024-07-23 15:59:18,127.0.0.1,python-requests/2.32.3,,aafk
2024-07-23 15:59:18,127.0.0.1,python-requests/2.32.3,,aafl
2024-07-23 15:59:18,127.0.0.1,python-requests/2.32.3,,aafm
2024-07-23 15:59:18,127.0.0.1,python-requests/2.32.3,,aafn
2024-07-23 15:59:18,127.0.0.1,python-requests/2.32.3,,aafo
2024-07-23 15:59:18,127.0.0.1,python-requests/2.32.3,,aafp
2024-07-23 15:59:18,127.0.0.1,python-requests/2.32.3,,aafq
2024-07-23 15:59:18,127.0.0.1,python-requests/2.32.3,,aafr
2024-07-23 15:59:18,127.0.0.1,python-requests/2.32.3,,aafs
2024-07-23 15:59:18,127.0.0.1,python-requests/2.32.3,,aaft
2024-07-23 15:59:18,127.0.0.1,python-requests/2.32.3,,aafu
2024-07-23 15:59:18,127.0.0.1,python-requests/2.32.3,,aafv
2024-07-23 15:59:18,127.0.0.1,python-requests/2.32.3,,aafw
2024-07-23 15:59:18,127.0.0.1,python-requests/2.32.3,,aafx
2024-07-23 15:59:18,127.0.0.1,python-requests/2.32.3,,aafy
2024-07-23 15:59:18,127.0.0.1,python-requests/2.32.3,,aafz
2024-07-23 15:59:18,127.0.0.1,python-requests/2.32.3,,aaga
2024-07-23 15:59:18,127.0.0.1,python-requests/2.32.3,,aagb
2024-07-23 15:59:18,127.0.0.1,python-requests/2.32.3,,aagc
2024-07-23 15:59:18,127.0.0.1,python-requests/2.32.3,,aagd
2024-07-23 15:59:18,127.0.0.1,python-requests/2.32.3,,aage
2024-07-23 15:59:18,127.0.0.1,python-requests/2.32.3,,aagf
2024-07-23 15:59:18,127.0.0.1,python-requests/2.32.3,,aagg
2024-07-23 15:59:18,127.0.0.1,python-requests/2.32.3,,aagh
2024-07-23 15:59:18,127.0.0.1,python-requests/2.32.3,,aagi
2024-07-23 15:59:18,127.0.0.1,python-requests/2.32.3,,aagj
2024-07-23 15:59:18,127.0.0.1,python-requests/2.32.3,,aagk
2024-07-23 15:59:18,127.0.0.1,python-requests/2.32.3,,aagl
2024-07-23 15:59:18,127.0.0.1,python-requests/2.32.3,,aagm
2024-07-23 15:59:18,127.0.0.1,python-requests/2.32.3,,aagn
2024-07-23 15:59:18,127.0.0.1,python-requests/2.32.3,,aago
2024-07-23 15:59:18,127.0.0.1,python-requests/2.32.3,,aagp
2024-07-23 15:59:18,127.0.0.1,python-requests/2.32.3,,aagq
2024-07-23 15:59:18,127.0.0.1,python-requests/2.32.3,,aagr
2024-07-23 15:59:18,127.0.0.1,python-requests/2.32.3,,aags
2024-07-23 15:59:18,127.0.0.1,python-requests/2.32.3,,aagt
2024-07-23 15:59:18,127.0.0.1,python-requests/2.32.3,,aagu
2024-07-23 15:59:18,127.0.0.1,python-requests/2.32.3,,aagv
2024-07-23 15:59:18,127.0.0.1,python-requests/2.32.3,,aagw
2024-07-23 15:59:18,127.0.0.1,python-requests/2.32.3,,aagx
2024-07-23 15:59:18,127.0.0.1,python-requests/2.32.3,,aagy
2024-07-23 15:59:18,127.0.0.1,python-requests/2.32.3,,aagz
2024-07-23 15:59:18,127.0.0.1,python-requests/2.32.3,,aaha
2024-07-23 15:59:18,127.0.0.1,python-requests/2.32.3,,aahb
2024-07-23 15:59:18,127.0.0.1,python-requests/2.32.3,,aahc
2024-07-23 15:59:18,127.0.0.1,python-requests/2.32.3,,aahd
2024-07-23 15:59:18,127.0.0.1,python-requests/2.32.3,,aahe
2024-07-23 15:59:18,127.0.0.1,python-requests/2.32.3,,aahf
2024-07-23 15:59:18,127.0.0.1,python-requests/2.32.3,,aahg
2024-07-23 15:59:18,127.0.0.1,python-requests/2.32.3,,aahh
2024-07-23 15:59:18,127.0.0.1,python-requests/2.32.3,,aahi
2024-07-23 15:59:18,127.0.0.1,python-requests/2.32.3,,aahj
2024-07-23 15:59:18,127.0.0.1,python-requests/2.32.3,,aahk
2024-07-23 15:59:18,127.0.0.1,python-requests/2.32.3,,aahl
2024-07-23 15:59:18,127.0.0.1,python-requests/2.32.3,,aahm
2024-07-23 15:59:18,127.0.0.1,python-requests/2.32.3,,aahn
2024-07-23 15:59:18,127.0.0.1,python-requests/2.32.3,,aaho
2024-07-23 15:59:18,127.0.0.1,python-requests/2.32.3,,aahp
2024-07-23 15:59:18,127.0.0.1,python-requests/2.32.3,,aahq
2024-07-23 15:59:18,127.0.0.1,python-requests/2.32.3,,aahr
2024-07-23 15:59:18,127.0.0.1,python-requests/2.32.3,,aahs
2024-07-23 15:59:18,127.0.0.1,python-requests/2.32.3,,aaht
2024-07-23 15:59:18,127.0.0.1,python-requests/2.32.3,,aahu
2024-07-23 15:59:18,127.0.0.1,python-requests/2.32.3,,aahv
2024-07-23 15:59:18,127.0.0.1,python-requests/2.32.3,,aahw
2024-07-23 15:59:18,127.0.0.1,python-requests/2.32.3,,aahx
2024-07-23 15:59:18,127.0.0.1,python-requests/2.32.3,,aahy
2024-07-23 15:59:18,127.0.0.1,python-requests/2.32.3,,aahz
2024-07-23 15:59:18,127.0.0.1,python-requests/2.32.3,,aaia
2024-07-23 15:59:18,127.0.0.1,python-requests/2.32.3,,aaib
2024-07-23 15:59:18,127.0.0.1,python-requests/2.32.3,,aaic
2024-07-23 15:59:18,127.0.0.1,python-requests/2.32.3,,aaid
2024-07-23 15:59:18,127.0.0.1,python-requests/2.32.3,,aaie
2024-07-23 15:59:18,127.0.0.1,python-requests/2.32.3,,aaif
2024-07-23 15:59:18,127.0.0.1,python-requests/2.32.3,,aaig
2024-07-23 15:59:18,127.0.0.1,python-requests/2.32.3,,aaih
2024-07-23 15:59:18,127.0.0.1,python-requests/2.32.3,,aaii
2024-07-23 15:59:18,127.0.0.1,python-requests/2.32.3,,aaij
2024-07-23 15:59:18,127.0.0.1,python-requests/2.32.3,,aaik
2024-07-23 15:59:18,127.0.0.1,python-requests/2.32.3,,aail
2024-07-23 15:59:18,127.0.0.1,python-requests/2.32.3,,aaim
2024-07-23 15:59:18,127.0.0.1,python-requests/2.32.3,,aain
2024-07-23 15:59:18,127.0.0.1,python-requests/2.32.3,,aaio
2024-07-23 15:59:18,127.0.0.1,python-requests/2.32.3,,aaip
2024-07-23 15:59:18,127.0.0.1,python-requests/2.32.3,,aaiq
2024-07-23 15:59:18,127.0.0.1,python-requests/2.32.3,,aair
2024-07-23 15:59:18,127.0.0.1,python-requests/2.32.3,,aais
2024-07-23 15:59:18,127.0.0.1,python-requests/2.32.3,,aait
2024-07-23 15:59:18,127.0.0.1,python-requests/2.32.3,,aaiu
2024-07-23 15:59:18,127.0.0.1,python-requests/2.32.3,,aaiv
2024-07-23 15:59:18,127.0.0.1,python-requests/2.32.3,,aaiw
2024-07-23 15:59:18,127.0.0.1,python-requests/2.32.3,,aaix
2024-07-23 15:59:18,127.0.0.1,python-requests/2.32.3,,aaiy
2024-07-23 15:59:18,127.0.0.1,python-requests/2.32.3,,aaiz
2024-07-23 15:59:18,127.0.0.1,python-requests/2.32.3,,aaja
2024-07-23 15:59:18,127.0.0.1,python-requests/2.32.3,,aajb
2024-07-23 15:59:18,127.0.0.1,python-requests/2.32.3,,aajc
2024-07-23 15:59:18,127.0.0.1,python-requests/2.32.3,,aajd
2024-07-23 15:59:18,127.0.0.1,python-requests/2.32.3,,aaje
2024-07-23 15:59:18,127.0.0.1,python-requests/2.32.3,,aajf
2024-07-23 15:59:18,127.0.0.1,python-requests/2.32.3,,aajg
2024-07-23 15:59:18,127.0.0.1,python-requests/2.32.3,,aajh
2024-07-23 15:59:18,127.0.0.1,python-requests/2.32.3,,aaji
2024-07-23 15:59:18,127.0.0.1,python-requests/2.32.3,,aajj
2024-07-23 15:59:18,127.0.0.1,python-requests/2.32.3,,aajk
2024-07-23 15:59:18,127.0.0.1,python-requests/2.32.3,,aajl
2024-07-23 15:59:18,127.0.0.1,python-requests/2.32.3,,aajm
2024-07-23 15:59:18,127.0.0.1,python-requests/2.32.3,,aajn
2024-07-23 15:59:18,127.0.0.1,python-requests/2.32.3,,aajo
2024-07-23 15:59:18,127.0.0.1,python-requests/2.32.3,,aajp
2024-07-23 15:59:18,127.0.0.1,python-requests/2.32.3,,aajq
2024-07-23 15:59:18,127.0.0.1,python-requests/2.32.3,,aajr
2024-07-23 15:59:18,127.0.0.1,python-requests/2.32.3,,aajs
2024-07-23 15:59:18,127.0.0.1,python-requests/2.32.3,,aajt
2024-07-23 15:59:18,127.0.0.1,python-requests/2.32.3,,aaju
2024-07-23 15:59:18,127.0.0.1,python-requests/2.32.3,,aajv
2024-07-23 15:59:18,127.0.0.1,python-requests/2.32.3,,aajw
2024-07-23 15:59:18,127.0.0.1,python-requests/2.32.3,,aajx
2024-07-23 15:59:18,127.0.0.1,python-requests/2.32.3,,aajy
2024-07-23 15:59:18,127.0.0.1,python-requests/2.32.3,,aajz
2024-07-23 15:59:18,127.0.0.1,python-requests/2.32.3,,aaka
2024-07-23 15:59:18,127.0.0.1,python-requests/2.32.3,,aakb
2024-07-23 15:59:18,127.0.0.1,python-requests/2.32.3,,aakc
2024-07-23 15:59:18,127.0.0.1,python-requests/2.32.3,,aakd
2024-07-23 15:59:18,127.0.0.1,python-requests/2.32.3,,aake
2024-07-23 15:59:18,127.0.0.1,python-requests/2.32.3,,aakf
2024-07-23 15:59:18,127.0.0.1,python-requests/2.32.3,,aakg
2024-07-23 15:59:18,127.0.0.1,python-requests/2.32.3,,aakh
2024-07-23 15:59:18,127.0.0.1,python-requests/2.32.3,,aaki
2024-07-23 15:59:18,127.0.0.1,python-requests/2.32.3,,aakj
2024-07-23 15:59:18,127.0.0.1,python-requests/2.32.3,,aakk
2024-07-23 15:59:18,127.0.0.1,python-requests/2.32.3,,aakl
2024-07-23 15:59:18,127.0.0.1,python-requests/2.32.3,,aakm
2024-07-23 15:59:18,127.0.0.1,python-requests/2.32.3,,aakn
2024-07-23 15:59:18,127.0.0.1,python-requests/2.32.3,,aako
2024-07-23 15:59:18,127.0.0.1,python-requests/2.32.3,,aakp
2024-07-23 15:59:18,127.0.0.1,python-requests/2.32.3,,aakq
2024-07-23 15:59:18,127.0.0.1,python-requests/2.32.3,,aakr
2024-07-23 15:59:18,127.0.0.1,python-requests/2.32.3,,aaks
2024-07-23 15:59:18,127.0.0.1,python-requests/2.32.3,,aakt
2024-07-23 15:59:18,127.0.0.1,python-requests/2.32.3,,aaku
2024-07-23 15:59:18,127.0.0.1,python-requests/2.32.3,,aakv
2024-07-23 15:59:18,127.0.0.1,python-requests/2.32.3,,aakw
2024-07-23 15:59:18,127.0.0.1,python-requests/2.32.3,,aakx
2024-07-23 15:59:18,127.0.0.1,python-requests/2.32.3,,aaky
2024-07-23 15:59:18,127.0.0.1,python-requests/2.32.3,,aakz
2024-07-23 15:59:18,127.0.0.1,python-requests/2.32.3,,aala
2024-07-23 15:59:18,127.0.0.1,python-requests/2.32.3,,aalb
2024-07-23 15:59:18,127.0.0.1,python-requests/2.32.3,,aalc
2024-07-23 15:59:18,127.0.0.1,python-requests/2.32.3,,aald
2024-07-23 15:59:18,127.0.0.1,python-requests/2.32.3,,aale
2024-07-23 15:59:18,127.0.0.1,python-requests/2.32.3,,aalf
2024-07-23 15:59:18,127.0.0.1,python-requests/2.32.3,,aalg
2024-07-23 15:59:18,127.0.0.1,python-requests/2.32.3,,aalh
2024-07-23 15:59:18,127.0.0.1,python-requests/2.32.3,,aali
2024-07-23 15:59:18,127.0.0.1,python-requests/2.32.3,,aalj
2024-07-23 15:59:18,127.0.0.1,python-requests/2.32.3,,aalk
2024-07-23 15:59:18,127.0.0.1,python-requests/2.32.3,,aall
2024-07-23 15:59:18,127.0.0.1,python-requests/2.32.3,,aalm
2024-07-23 15:59:18,127.0.0.1,python-requests/2.32.3,,aaln
2024-07-23 15:59:18,127.0.0.1,python-requests/2.32.3,,aalo
2024-07-23 15:59:18,127.0.0.1,python-requests/2.32.3,,aalp
2024-07-23 15:59:18,127.0.0.1,python-requests/2.32.3,,aalq
2024-07-23 15:59:18,127.0.0.1,python-requests/2.32.3,,aalr
2024-07-23 15:59:18,127.0.0.1,python-requests/2.32.3,,aals
2024-07-23 15:59:18,127.0.0.1,python-requests/2.32.3,,aalt
2024-07-23 15:59:18,127.0.0.1,python-requests/2.32.3,,aalu
2024-07-23 15:59:18,127.0.0.1,python-requests/2.32.3,,aalv
2024-07-23 15:59:18,127.0.0.1,python-requests/2.32.3,,aalw
2024-07-23 15:59:18,127.0.0.1,python-requests/2.32.3,,aalx
2024-07-23 15:59:18,127.0.0.1,python-requests/2.32.3,,aaly
2024-07-23 15:59:18,127.0.0.1,python-requests/2.32.3,,aalz
2024-07-23 15:59:18,127.0.0.1,python-requests/2.32.3,,aama
2024-07-23 15:59:18,127.0.0.1,python-requests/2.32.3,,aamb
2024-07-23 15:59:18,127.0.0.1,python-requests/2.32.3,,aamc
2024-07-23 15:59:18,127.0.0.1,python-requests/2.32.3,,aamd
2024-07-23 15:59:18,127.0.0.1,python-requests/2.32.3,,aame
2024-07-23 15:59:18,127.0.0.1,python-requests/2.32.3,,aamf
2024-07-23 15:59:18,127.0.0.1,python-requests/2.32.3,,aamg
2024-07-23 15:59:18,127.0.0.1,python-requests/2.32.3,,aamh
2024-07-23 15:59:18,127.0.0.1,python-requests/2.32.3,,aami
2024-07-23 15:59:18,127.0.0.1,python-requests/2.32.3,,aamj
2024-07-23 15:59:18,127.0.0.1,python-requests/2.32.3,,aamk
2024-07-23 15:59:18,127.0.0.1,python-requests/2.32.3,,aaml
2024-07-23 15:59:18,127.0.0.1,python-requests/2.32.3,,aamm
2024-07-23 15:59:18,127.0.0.1,python-requests/2.32.3,,aamn
2024-07-23 15:59:18,127.0.0.1,python-requests/2.32.3,,aamo
2024-07-23 15:59:18,127.0.0.1,python-requests/2.32.3,,aamp
2024-07-23 15:59:18,127.0.0.1,python-requests/2.32.3,,aamq
2024-07-23 15:59:18,127.0.0.1,python-requests/2.32.3,,aamr
2024-07-23 15:59:18,127.0.0.1,python-requests/2.32.3,,aams
2024-07-23 15:59:18,127.0.0.1,python-requests/2.32.3,,aamt
2024-07-23 15:59:18,127.0.0.1,python-requests/2.32.3,,aamu
2024-07-23 15:59:18,127.0.0.1,python-requests/2.32.3,,aamv
2024-07-23 15:59:18,127.0.0.1,python-requests/2.32.3,,aamw
2024-07-23 15:59:18,127.0.0.1,python-requests/2.32.3,,aamx
2024-07-23 15:59:18,127.0.0.1,python-requests/2.32.3,,aamy
2024-07-23 15:59:18,127.0.0.1,python-requests/2.32.3,,aamz
2024-07-23 15:59:18,127.0.0.1,python-requests/2.32.3,,aana
2024-07-23 15:59:18,127.0.0.1,python-requests/2.32.3,,aanb
2024-07-23 15:59:18,127.0.0.1,python-requests/2.32.3,,aanc
2024-07-23 15:59:18,127.0.0.1,python-requests/2.32.3,,aand
2024-07-23 15:59:18,127.0.0.1,python-requests/2.32.3,,aane
2024-07-23 15:59:18,127.0.0.1,python-requests/2.32.3,,aanf
2024-07-23 15:59:18,127.0.0.1,python-requests/2.32.3,,aang
2024-07-23 15:59:18,127.0.0.1,python-requests/2.32.3,,aanh
2024-07-23 15:59:18,127.0.0.1,python-requests/2.32.3,,aani
2024-07-23 15:59:18,127.0.0.1,python-requests/2.32.3,,aanj
2024-07-23 15:59:18,127.0.0.1,python-requests/2.32.3,,aank
2024-07-23 15:59:18,127.0.0.1,python-requests/2.32.3,,aanl
2024-07-23 15:59:18,127.0.0.1,python-requests/2.32.3,,aanm
2024-07-23 15:59:18,127.0.0.1,python-requests/2.32.3,,aann
2024-07-23 15:59:18,127.0.0.1,python-requests/2.32.3,,aano
2024-07-23 15:59:18,127.0.0.1,python-requests/2.32.3,,aanp
2024-07-23 15:59:18,127.0.0.1,python-requests/2.32.3,,aanq
2024-07-23 15:59:18,127.0.0.1,python-requests/2.32.3,,aanr
2024-07-23 15:59:18,127.0.0.1,python-requests/2.32.3,,aans
2024-07-23 15:59:18,127.0.0.1,python-requests/2.32.3,,aant
2024-07-23 15:59:18,127.0.0.1,python-requests/2.32.3,,aanu
2024-07-23 15:59:18,127.0.0.1,python-requests/2.32.3,,aanv
2024-07-23 15:59:18,127.0.0.1,python-requests/2.32.3,,aanw
2024-07-23 15:59:18,127.0.0.1,python-requests/2.32.3,,aanx
2024-07-23 15:59:18,127.0.0.1,python-requests/2.32.3,,aany
2024-07-23 15:59:18,127.0.0.1,python-requests/2.32.3,,aanz
2024-07-23 15:59:18,127.0.0.1,python-requests/2.32.3,,aaoa
2024-07-23 15:59:18,127.0.0.1,python-requests/2.32.3,,aaob
2024-07-23 15:59:18,127.0.0.1,python-requests/2.32.3,,aaoc
2024-07-23 15:59:18,127.0.0.1,python-requests/2.32.3,,aaod
2024-07-23 15:59:18,127.0.0.1,python-requests/2.32.3,,aaoe
2024-07-23 15:59:18,127.0.0.1,python-requests/2.32.3,,aaof
2024-07-23 15:59:18,127.0.0.1,python-requests/2.32.3,,aaog
2024-07-23 15:59:18,127.0.0.1,python-requests/2.32.3,,aaoh
2024-07-23 15:59:18,127.0.0.1,python-requests/2.32.3,,aaoi
2024-07-23 15:59:18,127.0.0.1,python-requests/2.32.3,,aaoj
2024-07-23 15:59:18,127.0.0.1,python-requests/2.32.3,,aaok
2024-07-23 15:59:18,127.0.0.1,python-requests/2.32.3,,aaol
2024-07-23 15:59:18,127.0.0.1,python-requests/2.32.3,,aaom
2024-07-23 15:59:18,127.0.0.1,python-requests/2.32.3,,aaon
2024-07-23 15:59:18,127.0.0.1,python-requests/2.32.3,,aaoo
2024-07-23 15:59:18,127.0.0.1,python-requests/2.32.3,,aaop
2024-07-23 15:59:18,127.0.0.1,python-requests/2.32.3,,aaoq
2024-07-23 15:59:18,127.0.0.1,python-requests/2.32.3,,aaor
2024-07-23 15:59:18,127.0.0.1,python-requests/2.32.3,,aaos
2024-07-23 15:59:18,127.0.0.1,python-requests/2.32.3,,aaot
2024-07-23 15:59:18,127.0.0.1,python-requests/2.32.3,,aaou
2024-07-23 15:59:18,127.0.0.1,python-requests/2.32.3,,aaov
2024-07-23 15:59:18,127.0.0.1,python-requests/2.32.3,,aaow
2024-07-23 15:59:18,127.0.0.1,python-requests/2.32.3,,aaox
2024-07-23 15:59:18,127.0.0.1,python-requests/2.32.3,,aaoy
2024-07-23 15:59:18,127.0.0.1,python-requests/2.32.3,,aaoz
2024-07-23 15:59:18,127.0.0.1,python-requests/2.32.3,,aapa
2024-07-23 15:59:18,127.0.0.1,python-requests/2.32.3,,aapb
2024-07-23 15:59:18,127.0.0.1,python-requests/2.32.3,,aapc
2024-07-23 15:59:18,127.0.0.1,python-requests/2.32.3,,aapd
2024-07-23 15:59:18,127.0.0.1,python-requests/2.32.3,,aape
2024-07-23 15:59:18,127.0.0.1,python-requests/2.32.3,,aapf
2024-07-23 15:59:18,127.0.0.1,python-requests/2.32.3,,aapg
2024-07-23 15:59:18,127.0.0.1,python-requests/2.32.3,,aaph
2024-07-23 15:59:18,127.0.0.1,python-requests/2.32.3,,aapi
2024-07-23 15:59:18,127.0.0.1,python-requests/2.32.3,,aapj
2024-07-23 15:59:18,127.0.0.1,python-requests/2.32.3,,aapk
2024-07-23 15:59:18,127.0.0.1,python-requests/2.32.3,,aapl
2024-07-23 15:59:18,127.0.0.1,python-requests/2.32.3,,aapm
2024-07-23 15:59:18,127.0.0.1,python-requests/2.32.3,,aapn
2024-07-23 15:59:18,127.0.0.1,python-requests/2.32.3,,aapo
2024-07-23 15:59:18,127.0.0.1,python-requests/2.32.3,,aapp
2024-07-23 15:59:18,127.0.0.1,python-requests/2.32.3,,aapq
2024-07-23 15:59:18,127.0.0.1,python-requests/2.32.3,,aapr
2024-07-23 15:59:18,127.0.0.1,python-requests/2.32.3,,aaps
2024-07-23 15:59:18,127.0.0.1,python-requests/2.32.3,,aapt
2024-07-23 15:59:18,127.0.0.1,python-requests/2.32.3,,aapu
2024-07-23 15:59:18,127.0.0.1,python-requests/2.32.3,,aapv
2024-07-23 15:59:18,127.0.0.1,python-requests/2.32.3,,aapw
2024-07-23 15:59:18,127.0.0.1,python-requests/2.32.3,,aapx
2024-07-23 15:59:18,127.0.0.1,python-requests/2.32.3,,aapy
2024-07-23 15:59:18,127.0.0.1,python-requests/2.32.3,,aapz
2024-07-23 15:59:18,127.0.0.1,python-requests/2.32.3,,aaqa
2024-07-23 15:59:18,127.0.0.1,python-requests/2.32.3,,aaqb
2024-07-23 15:59:18,127.0.0.1,python-requests/2.32.3,,aaqc
2024-07-23 15:59:18,127.0.0.1,python-requests/2.32.3,,aaqd
2024-07-23 15:59:18,127.0.0.1,python-requests/2.32.3,,aaqe
2024-07-23 15:59:18,127.0.0.1,python-requests/2.32.3,,aaqf
2024-07-23 15:59:18,127.0.0.1,python-requests/2.32.3,,aaqg
2024-07-23 15:59:18,127.0.0.1,python-requests/2.32.3,,aaqh
2024-07-23 15:59:18,127.0.0.1,python-requests/2.32.3,,aaqi
2024-07-23 15:59:18,127.0.0.1,python-requests/2.32.3,,aaqj
2024-07-23 15:59:18,127.0.0.1,python-requests/2.32.3,,aaqk
2024-07-23 15:59:18,127.0.0.1,python-requests/2.32.3,,aaql
2024-07-23 15:59:18,127.0.0.1,python-requests/2.32.3,,aaqm
2024-07-23 15:59:18,127.0.0.1,python-requests/2.32.3,,aaqn
2024-07-23 15:59:18,127.0.0.1,python-requests/2.32.3,,aaqo
2024-07-23 15:59:18,127.0.0.1,python-requests/2.32.3,,aaqp
2024-07-23 15:59:18,127.0.0.1,python-requests/2.32.3,,aaqq
2024-07-23 15:59:18,127.0.0.1,python-requests/2.32.3,,aaqr
2024-07-23 15:59:18,127.0.0.1,python-requests/2.32.3,,aaqs
2024-07-23 15:59:18,127.0.0.1,python-requests/2.32.3,,aaqt
2024-07-23 15:59:18,127.0.0.1,python-requests/2.32.3,,aaqu
2024-07-23 15:59:18,127.0.0.1,python-requests/2.32.3,,aaqv
2024-07-23 15:59:18,127.0.0.1,python-requests/2.32.3,,aaqw
2024-07-23 15:59:18,127.0.0.1,python-requests/2.32.3,,aaqx
2024-07-23 15:59:19,127.0.0.1,python-requests/2.32.3,,aaqy
2024-07-23 15:59:19,127.0.0.1,python-requests/2.32.3,,aaqz
2024-07-23 15:59:19,127.0.0.1,python-requests/2.32.3,,aara
2024-07-23 15:59:19,127.0.0.1,python-requests/2.32.3,,aarb
2024-07-23 15:59:19,127.0.0.1,python-requests/2.32.3,,aarc
2024-07-23 15:59:19,127.0.0.1,python-requests/2.32.3,,aard
2024-07-23 15:59:19,127.0.0.1,python-requests/2.32.3,,aare
2024-07-23 15:59:19,127.0.0.1,python-requests/2.32.3,,aarf
2024-07-23 15:59:19,127.0.0.1,python-requests/2.32.3,,aarg
2024-07-23 15:59:19,127.0.0.1,python-requests/2.32.3,,aarh
2024-07-23 15:59:19,127.0.0.1,python-requests/2.32.3,,aari
2024-07-23 15:59:19,127.0.0.1,python-requests/2.32.3,,aarj
2024-07-23 15:59:19,127.0.0.1,python-requests/2.32.3,,aark
2024-07-23 15:59:19,127.0.0.1,python-requests/2.32.3,,aarl
2024-07-23 15:59:19,127.0.0.1,python-requests/2.32.3,,aarm
2024-07-23 15:59:19,127.0.0.1,python-requests/2.32.3,,aarn
2024-07-23 15:59:19,127.0.0.1,python-requests/2.32.3,,aaro
2024-07-23 15:59:19,127.0.0.1,python-requests/2.32.3,,aarp
2024-07-23 15:59:19,127.0.0.1,python-requests/2.32.3,,aarq
2024-07-23 15:59:19,127.0.0.1,python-requests/2.32.3,,aarr
2024-07-23 15:59:19,127.0.0.1,python-requests/2.32.3,,aars
2024-07-23 15:59:19,127.0.0.1,python-requests/2.32.3,,aart
2024-07-23 15:59:19,127.0.0.1,python-requests/2.32.3,,aaru
2024-07-23 15:59:19,127.0.0.1,python-requests/2.32.3,,aarv
2024-07-23 15:59:19,127.0.0.1,python-requests/2.32.3,,aarw
2024-07-23 15:59:19,127.0.0.1,python-requests/2.32.3,,aarx
2024-07-23 15:59:19,127.0.0.1,python-requests/2.32.3,,aary
2024-07-23 15:59:19,127.0.0.1,python-requests/2.32.3,,aarz
2024-07-23 15:59:19,127.0.0.1,python-requests/2.32.3,,aasa
2024-07-23 15:59:19,127.0.0.1,python-requests/2.32.3,,aasb
2024-07-23 15:59:19,127.0.0.1,python-requests/2.32.3,,aasc
2024-07-23 15:59:19,127.0.0.1,python-requests/2.32.3,,aasd
2024-07-23 15:59:19,127.0.0.1,python-requests/2.32.3,,aase
2024-07-23 15:59:19,127.0.0.1,python-requests/2.32.3,,aasf
2024-07-23 15:59:19,127.0.0.1,python-requests/2.32.3,,aasg
2024-07-23 15:59:19,127.0.0.1,python-requests/2.32.3,,aash
2024-07-23 15:59:19,127.0.0.1,python-requests/2.32.3,,aasi
2024-07-23 15:59:19,127.0.0.1,python-requests/2.32.3,,aasj
2024-07-23 15:59:19,127.0.0.1,python-requests/2.32.3,,aask
2024-07-23 15:59:19,127.0.0.1,python-requests/2.32.3,,aasl
2024-07-23 15:59:19,127.0.0.1,python-requests/2.32.3,,aasm
2024-07-23 15:59:19,127.0.0.1,python-requests/2.32.3,,aasn
2024-07-23 15:59:19,127.0.0.1,python-requests/2.32.3,,aaso
2024-07-23 15:59:19,127.0.0.1,python-requests/2.32.3,,aasp
2024-07-23 15:59:19,127.0.0.1,python-requests/2.32.3,,aasq
2024-07-23 15:59:19,127.0.0.1,python-requests/2.32.3,,aasr
2024-07-23 15:59:19,127.0.0.1,python-requests/2.32.3,,aass
2024-07-23 15:59:19,127.0.0.1,python-requests/2.32.3,,aast
2024-07-23 15:59:19,127.0.0.1,python-requests/2.32.3,,aasu
2024-07-23 15:59:19,127.0.0.1,python-requests/2.32.3,,aasv
2024-07-23 15:59:19,127.0.0.1,python-requests/2.32.3,,aasw
2024-07-23 15:59:19,127.0.0.1,python-requests/2.32.3,,aasx
2024-07-23 15:59:19,127.0.0.1,python-requests/2.32.3,,aasy
2024-07-23 15:59:19,127.0.0.1,python-requests/2.32.3,,aasz
2024-07-23 15:59:19,127.0.0.1,python-requests/2.32.3,,aata
2024-07-23 15:59:19,127.0.0.1,python-requests/2.32.3,,aatb
2024-07-23 15:59:19,127.0.0.1,python-requests/2.32.3,,aatc
2024-07-23 15:59:19,127.0.0.1,python-requests/2.32.3,,aatd
2024-07-23 15:59:19,127.0.0.1,python-requests/2.32.3,,aate
2024-07-23 15:59:19,127.0.0.1,python-requests/2.32.3,,aatf
2024-07-23 15:59:19,127.0.0.1,python-requests/2.32.3,,aatg
2024-07-23 15:59:19,127.0.0.1,python-requests/2.32.3,,aath
2024-07-23 15:59:19,127.0.0.1,python-requests/2.32.3,,aati
2024-07-23 15:59:19,127.0.0.1,python-requests/2.32.3,,aatj
2024-07-23 15:59:19,127.0.0.1,python-requests/2.32.3,,aatk
2024-07-23 15:59:19,127.0.0.1,python-requests/2.32.3,,aatl
2024-07-23 15:59:19,127.0.0.1,python-requests/2.32.3,,aatm
2024-07-23 15:59:19,127.0.0.1,python-requests/2.32.3,,aatn
2024-07-23 15:59:19,127.0.0.1,python-requests/2.32.3,,aato
2024-07-23 15:59:19,127.0.0.1,python-requests/2.32.3,,aatp
2024-07-23 15:59:19,127.0.0.1,python-requests/2.32.3,,aatq
2024-07-23 15:59:19,127.0.0.1,python-requests/2.32.3,,aatr
2024-07-23 15:59:19,127.0.0.1,python-requests/2.32.3,,aats
2024-07-23 15:59:19,127.0.0.1,python-requests/2.32.3,,aatt
2024-07-23 15:59:19,127.0.0.1,python-requests/2.32.3,,aatu
2024-07-23 15:59:19,127.0.0.1,python-requests/2.32.3,,aatv
2024-07-23 15:59:19,127.0.0.1,python-requests/2.32.3,,aatw
2024-07-23 15:59:19,127.0.0.1,python-requests/2.32.3,,aatx
2024-07-23 15:59:19,127.0.0.1,python-requests/2.32.3,,aaty
2024-07-23 15:59:19,127.0.0.1,python-requests/2.32.3,,aatz
2024-07-23 15:59:19,127.0.0.1,python-requests/2.32.3,,aaua
2024-07-23 15:59:19,127.0.0.1,python-requests/2.32.3,,aaub
2024-07-23 15:59:19,127.0.0.1,python-requests/2.32.3,,aauc
2024-07-23 15:59:19,127.0.0.1,python-requests/2.32.3,,aaud
2024-07-23 15:59:19,127.0.0.1,python-requests/2.32.3,,aaue
2024-07-23 15:59:19,127.0.0.1,python-requests/2.32.3,,aauf
2024-07-23 15:59:19,127.0.0.1,python-requests/2.32.3,,aaug
2024-07-23 15:59:19,127.0.0.1,python-requests/2.32.3,,aauh
2024-07-23 15:59:19,127.0.0.1,python-requests/2.32.3,,aaui
2024-07-23 15:59:19,127.0.0.1,python-requests/2.32.3,,aauj
2024-07-23 15:59:19,127.0.0.1,python-requests/2.32.3,,aauk
2024-07-23 15:59:19,127.0.0.1,python-requests/2.32.3,,aaul
2024-07-23 15:59:19,127.0.0.1,python-requests/2.32.3,,aaum
2024-07-23 15:59:19,127.0.0.1,python-requests/2.32.3,,aaun
2024-07-23 15:59:19,127.0.0.1,python-requests/2.32.3,,aauo
2024-07-23 15:59:19,127.0.0.1,python-requests/2.32.3,,aaup
2024-07-23 15:59:19,127.0.0.1,python-requests/2.32.3,,aauq
2024-07-23 15:59:19,127.0.0.1,python-requests/2.32.3,,aaur
2024-07-23 15:59:19,127.0.0.1,python-requests/2.32.3,,aaus
2024-07-23 15:59:19,127.0.0.1,python-requests/2.32.3,,aaut
2024-07-23 15:59:19,127.0.0.1,python-requests/2.32.3,,aauu
2024-07-23 15:59:19,127.0.0.1,python-requests/2.32.3,,aauv
2024-07-23 15:59:19,127.0.0.1,python-requests/2.32.3,,aauw
2024-07-23 15:59:19,127.0.0.1,python-requests/2.32.3,,aaux
2024-07-23 15:59:19,127.0.0.1,python-requests/2.32.3,,aauy
2024-07-23 15:59:19,127.0.0.1,python-requests/2.32.3,,aauz
2024-07-23 15:59:19,127.0.0.1,python-requests/2.32.3,,aava
2024-07-23 15:59:19,127.0.0.1,python-requests/2.32.3,,aavb
2024-07-23 15:59:19,127.0.0.1,python-requests/2.32.3,,aavc
2024-07-23 15:59:19,127.0.0.1,python-requests/2.32.3,,aavd
2024-07-23 15:59:19,127.0.0.1,python-requests/2.32.3,,aave
2024-07-23 15:59:19,127.0.0.1,python-requests/2.32.3,,aavf
2024-07-23 15:59:19,127.0.0.1,python-requests/2.32.3,,aavg
2024-07-23 15:59:19,127.0.0.1,python-requests/2.32.3,,aavh
