Honeypot Name,Honeypot Email
CADJZ PCEEY,8gnk04g8@mlmxn.com
QXNXO SFYKC,k5orkn4k@mmmya.com
TJHJJ IDAQB,5wjv8g0n@jeyqd.com
OKTJC EEKSN,rgq58u0i@hlwrc.com
LRXCF JEYLJ,kuh8j6uy@gfaey.com
RDAGM DKBYW,5kxxn19l@gyxeh.com
EUVPI TGFTR,44x0dvnk@yknap.com
DKQHC RACBK,swxlxewh@rblii.com
QGIUX HRALA,6zn4ew9p@wetzv.com
HQBMB TEXGB,fvsuonwt@xoibp.com
VBBML MCCAS,f74ux7f9@hotto.com
JUYBY GQBKO,c2r3cq5h@mirbf.com
UJGDF NRJTI,vhmue98f@qercd.com
CGUUC JTKUN,66joh0lu@evujn.com
BOIMJ FQCNM,kmvi8lbi@awpmt.com
HMBAA FJBAH,h2u0rt6i@skvxr.com
FJDXQ PLSAI,7ia5i72s@bknow.com
XXXOY EYRNQ,m8tvh4yg@ynptv.com
GRHOW IGABN,s6u0m1lt@wwhgl.com
LQPTS EPPRD,ox5xnl2o@pfurn.com
